product_id,name,category
0,good,your
1,red,dinner
2,start,ever
3,stage,price
4,section,usually
5,continue,certainly
6,speak,talk
7,key,catch
8,listen,debate
9,young,director
10,discuss,fact
11,eat,center
12,arrive,last
13,apply,commercial
14,inside,modern
15,sometimes,by
16,fine,no
17,see,best
18,international,either
19,business,feeling
20,I,face
21,city,least
22,everybody,building
23,third,assume
24,policy,nature
25,red,far
26,boy,officer
27,wife,remember
28,however,good
29,run,arm
30,training,father
31,Mr,hear
32,family,thousand
33,lot,whole
34,action,help
35,go,laugh
36,peace,occur
37,either,me
38,particular,hard
39,edge,news
40,town,collection
41,sea,her
42,guy,kid
43,almost,create
44,case,form
45,tonight,pick
46,night,bill
47,story,role
48,continue,note
49,case,although
